"gvkey","curcd","fyear","fyr","datadate","at","capx","shareequity","dlc","dltt","dvp","ebit","netprofit","pstk","sale","epsexcon","nicon","conm","fic","conml","ggroup","gind","gsector","gsubind","sector","indgroup","industry","subind","debt","invested_capital"
"013312","USD","2024",6,"6/30/2024",102362,9273,49120,2084,18634,NA,22771,9601,0,55658,1.5582,7897,"BHP GROUP LTD","AUS","BHP Group Ltd",1510,151040,15,15104020,"Materials","Materials","Metals & Mining","Diversified Metals & Mining",20718,69838
"210216","AUD","2024",6,"6/30/2024",45550,2288,17352,4228,12740,NA,3712,1788,0,22928,0.1405,1622,"TELSTRA GROUP LIMITED","AUS","Telstra Group Limited",5010,501010,50,50101020,"Communication Services","Telecommunication Services","Diversified Telecommunication Services","Integrated Telecommunication Services",16968,34320
"223003","USD","2024",6,"6/30/2024",38022,849,19401,944,11239,NA,3896,2714,0,14690,5.4699,2642,"CSL LTD","AUS","CSL Ltd",3520,352010,35,35201010,"Health Care","Pharmaceuticals, Biotechnology & Life Sciences","Biotechnology","Biotechnology",12183,31584
"212650","AUD","2024",6,"6/30/2024",36694,104,11678,1590,18596,NA,1132,376,0,4119,0.1055,326,"TRANSURBAN GROUP","AUS","Transurban Group",2030,203050,20,20305020,"Industrials","Transportation","Transportation Infrastructure","Highways & Railtracks",20186,31864
"100894","AUD","2024",6,"6/30/2024",33936,2548,5570,2311,14411,NA,3100,117,0,67922,0.0885,108,"WOOLWORTHS GROUP LTD","AUS","Woolworths Group Ltd",3010,301010,30,30101030,"Consumer Staples","Consumer Staples Distribution & Retail (New Name)","Consumer Staples Distribution & Retail (New Name)","Food Retail",16722,22292
"212427","USD","2024",6,"6/30/2024",30060,2834,19531,192,5208,NA,8520,5664,0,18220,1.8476,5683,"FORTESCUE LTD","AUS","Fortescue Ltd",1510,151040,15,15104050,"Materials","Materials","Metals & Mining","Steel",5400,24931
"101601","AUD","2024",6,"6/30/2024",27309,923,8585,1165,10113,NA,3849,2557,0,44189,2.2568,2557,"WESFARMERS LTD","AUS","Wesfarmers Ltd",2550,255030,25,25503030,"Consumer Discretionary","Consumer Discretionary Distribution & Retail (New Name)","Broadline Retail (New Name)","Broadline Retail (New)",11278,19863
"226744","AUD","2024",6,"6/30/2024",20894,753.8,5275.3,605.7,10332.4,NA,938.7,263.3,252.2,16660.2,1.1112,253.9,"RAMSAY HEALTH CARE LTD","AUS","Ramsay Health Care Ltd",3510,351020,35,35102020,"Health Care","Health Care Equipment & Services","Health Care Providers & Services","Health Care Facilities",11190.3,16465.6
"220244","AUD","2024",6,"6/30/2024",20564,2761,294,600,5991,NA,2198,1251,0,20114,0.7592,1255,"QANTAS AIRWAYS LTD","AUS","Qantas Airways Ltd",2030,203020,20,20302010,"Industrials","Transportation","Passenger Airlines (New name)","Passenger Airlines (New name)",6591,6885
"017525","AUD","2024",6,"6/30/2024",20454,608,9489,68,3310,NA,952,1397,0,16138,0.8112,1397,"ORIGIN ENERGY LTD","AUS","Origin Energy Ltd",5510,551010,55,55101010,"Utilities","Utilities","Electric Utilities","Electric Utilities",3378,12867
"329498","AUD","2024",6,"6/30/2024",19870,1671,3617,911,9158,NA,1965,1128,0,43571,0.8456,1128,"COLES GROUP LTD","AUS","Coles Group Ltd",3010,301010,30,30101030,"Consumer Staples","Consumer Staples Distribution & Retail (New Name)","Consumer Staples Distribution & Retail (New Name)","Food Retail",10069,13686
"242536","AUD","2024",6,"6/30/2024",19563,1053,3248,1919,11073,NA,1850,998,0,3039,0.7731,978,"APA GROUP","AUS","APA Group",5510,551020,55,55102010,"Utilities","Utilities","Gas Utilities","Gas Utilities",12992,16240
"252290","AUD","2024",6,"6/30/2024",15678,963.3,11285.5,190.8,530.7,NA,1303.6,947.2,0,17055.3,1.7976,804.7,"BLUESCOPE STEEL LTD","AUS","Bluescope Steel Ltd",1510,151040,15,15104050,"Materials","Materials","Metals & Mining","Steel",721.5,12007
"100251","AUD","2024",6,"6/30/2024",15661,838,5431,35,2693,NA,1414,703,0,13583,1.0569,711,"AGL ENERGY","AUS","AGL Energy",5510,551030,55,55103010,"Utilities","Utilities","Multi-Utilities","Multi-Utilities",2728,8159
"207097","AUD","2024",6,"6/30/2024",14826.474,470.612,8075.125,661.316,3854.338,NA,863.954,543.804,0,8967.405,1.0735,511.094,"SONIC HEALTHCARE LTD","AUS","Sonic Healthcare Ltd",3510,351020,35,35102015,"Health Care","Health Care Equipment & Services","Health Care Providers & Services","Health Care  Services",4515.654,12590.779
"319687","USD","2024",6,"6/30/2024",14245,1117,8971,223,1343,NA,54,-640,0,5479,-0.1412,-638,"SOUTH32 LTD","AUS","South32 Ltd",1510,151040,15,15104020,"Materials","Materials","Metals & Mining","Diversified Metals & Mining",1566,10537
"208326","AUD","2024",6,"6/30/2024",13604.1,672.4,4117.9,775.5,5255.1,NA,1207.3,522.1,0,10558.5,1.2609,464.4,"SGH LIMITED","AUS","SGH Limited",2010,201070,20,20107010,"Industrials","Capital Goods","Trading Companies & Distributors","Trading Companies & Distributors",6030.6,10148.5
"259625","AUD","2024",6,"6/30/2024",13080.8,1440,8790.9,152.4,1191.9,NA,961.8,638.5,0,4921.2,0.5561,638.5,"NTHN STAR RES LTD","AUS","Northern Star Resources Ltd",1510,151040,15,15104030,"Materials","Materials","Metals & Mining","Gold",1344.3,10135.2
"284808","AUD","2024",6,"6/30/2024",12852,454,5271,147,1744,NA,969,355,0,3824,0.4448,355,"WHITEHAVEN COAL LIMITED","AUS","Whitehaven Coal Limited",1010,101020,10,10102050,"Energy","Energy","Oil, Gas & Consumable Fuels","Coal & Consumable Fuels",1891,7162
"205194","AUD","2024",6,"6/30/2024",12232,4133,3584,255,5081,NA,319,114,0,5278,0.6396,125,"MINERAL RESOURCES LTD","AUS","Mineral Resources Ltd",1510,151040,15,15104020,"Materials","Materials","Metals & Mining","Diversified Metals & Mining",5336,8920
"348897","AUD","2024",6,"6/30/2024",11783,419,3770,368,5697,NA,1055,511,0,12309,0.2859,512,"ENDEAVOUR GROUP LIMITED","AUS","Endeavour Group Limited",3010,301010,30,30101030,"Consumer Staples","Consumer Staples Distribution & Retail (New Name)","Consumer Staples Distribution & Retail (New Name)","Food Retail",6065,9835
"295910","AUD","2024",6,"6/30/2024",11596,803,4438,979,4104,NA,922,406,0,3841,0.2206,406,"AURIZON HOLDINGS LTD","AUS","Aurizon Holdings Ltd",2030,203040,20,20304010,"Industrials","Transportation","Ground Transportation (New Name)","Rail Transportation (New Name)",5083,9521
"254665","AUD","2024",6,"6/30/2024",10464,95,5497,132,1941,NA,653,313,0,11789,0.5747,303,"WORLEY LTD","AUS","Worley Ltd",2010,201030,20,20103010,"Industrials","Capital Goods","Construction & Engineering","Construction & Engineering",2073,7570
"104566","AUD","2024",7,"7/31/2024",10397.7,173.6,8998.8,162.3,603.6,NA,376.8,496.1,0,1034.5,1.5578,498.8,"SOUL PATTINSON WASH H & CO","AUS","Washington H.Soul Pattinson & Co Ltd",4020,402010,40,40201030,"Financials","Financial Services (New Name)","Financial Services (New Name)","Multi-Sector Holdings",765.9,9764.7
"212628","AUD","2024",9,"9/30/2024",10303.4,419.2,6279.9,153.7,2254,NA,1930.8,1303.4,NA,6603.6,2.0479,1303.4,"ARISTOCRAT LEISURE LTD","AUS","Aristocrat Leisure Ltd",2530,253010,25,25301010,"Consumer Discretionary","Consumer Services","Hotels, Restaurants & Leisure","Casinos & Gaming",2407.7,8687.6
"100442","AUD","2024",9,"9/30/2024",9598.3,435.3,4547.6,169.3,2351.7,NA,708.7,558.8,0,7662.8,1.1072,524.6,"ORICA LTD","AUS","Orica Ltd",1510,151010,15,15101010,"Materials","Materials","Chemicals","Commodity Chemicals",2521,7068.6
"253350","AUD","2024",6,"6/30/2024",8818.841,918.269,4142.196,126.527,1892.547,NA,824.861,422.269,0,3215.832,0.2202,422.269,"EVOLUTION MINING LTD","AUS","Evolution Mining Ltd",1510,151040,15,15104030,"Materials","Materials","Metals & Mining","Gold",2019.074,6161.27
"100461","USD","2024",6,"6/30/2024",8731.1,1136,3227.1,156.6,2484.4,NA,1200.6,779.9,0,6545.4,0.5605,779.9,"BRAMBLES LTD","AUS","Brambles Ltd",2020,202010,20,20201070,"Industrials","Commercial  & Professional Services","Commercial Services & Supplies","Diversified Support Services",2641,5868.1
"257860","AUD","2024",9,"9/30/2024",8398.4,378.7,4844.9,68.4,1887,NA,410.6,-478.6,0,5278.5,-0.2468,-477.7,"INCITEC PIVOT LTD","AUS","Incitec Pivot Ltd",1510,151010,15,15101020,"Materials","Materials","Chemicals","Diversified Chemicals",1955.4,6800.3
"297352","AUD","2024",6,"6/30/2024",8112.8,176.2,4610.9,83.8,2074.7,NA,287.9,99,0,2808.3,0.127,98.9,"TREASURY WINE ESTATES LTD","AUS","Treasury Wine Estates Ltd",3020,302010,30,30201020,"Consumer Staples","Food, Beverage & Tobacco","Beverages","Distillers & Vintners",2158.5,6769.4
"203007","AUD","2024",6,"6/30/2024",7927.867,192.158,4536.93,236.499,2043.073,NA,660.727,357.628,0,2803.358,0.2829,352.453,"HARVEY NORMAN HLDGS LTD","AUS","Harvey Norman Holdings Limited",2550,255030,25,25503030,"Consumer Discretionary","Consumer Discretionary Distribution & Retail (New Name)","Broadline Retail (New Name)","Broadline Retail (New)",2279.572,6816.502
"101605","AUD","2024",6,"6/30/2024",7094.869,236.31,3884.143,135.847,1696.416,NA,674.403,419.171,0,9104.772,0.6492,419.171,"REECE LTD","AUS","Reece Ltd",2010,201070,20,20107010,"Industrials","Capital Goods","Trading Companies & Distributors","Trading Companies & Distributors",1832.263,5716.406
"241380","AUD","2024",6,"6/30/2024",6748.2,124.3,2259.4,126.9,1679,13,283.3,82.1,0,10979.5,0.0837,56.1,"DOWNER EDI LTD","AUS","Downer Edi Ltd",2020,202010,20,20201070,"Industrials","Commercial  & Professional Services","Commercial Services & Supplies","Diversified Support Services",1805.9,4065.3
"272847","AUD","2024",6,"6/30/2024",6372.5,370.4,3001.6,110.4,1621.5,NA,329.2,158.2,0,3758.2,0.0703,156.6,"CLEANAWAY WASTE MGMT LTD","AUS","Cleanaway Waste Management Ltd",2020,202010,20,20201050,"Industrials","Commercial  & Professional Services","Commercial Services & Supplies","Environmental & Facilities Services",1731.9,4733.5
"282382","AUD","2024",6,"6/30/2024",6103.4,539.1,3111.9,150.1,2187,NA,310.6,227,0,3331.4,0.1285,227,"QUBE HOLDINGS LTD","AUS","Qube Holdings Ltd",2030,203050,20,20305030,"Industrials","Transportation","Transportation Infrastructure","Marine Ports & Services",2337.1,5449
"316825","AUD","2024",6,"6/30/2024",5992.7,260.8,2091.7,104.8,2313.1,NA,404,185.2,0,4697.6,0.1483,185.2,"ORORA LTD","AUS","Orora Ltd",1510,151030,15,15103010,"Materials","Materials","Containers & Packaging","Metal, Glass & Plastic Containers  (New Name)",2417.9,4509.6
"209933","AUD","2024",7,"7/31/2024",5842.575,73.345,3381.772,55.386,1293.751,NA,20.444,-117.235,0,1089.414,-0.8698,-117.235,"BRICKWORKS LTD","AUS","Brickworks Ltd",1510,151020,15,15102010,"Materials","Materials","Construction Materials","Construction Materials",1349.137,4730.909
"315882","AUD","2024",6,"6/30/2024",5705.8,10.7,2568.2,71.2,1225.3,NA,468,273.7,0,1715.3,0.212,228,"STEADFAST GROUP LTD","AUS","Steadfast Group Ltd",4030,403010,40,40301010,"Financials","Insurance","Insurance","Insurance Brokers",1296.5,3864.7
"101392","AUD","2024",6,"6/30/2024",5499.2,1089.3,3312.5,12.4,782.3,NA,-594,-475.3,0,1797.6,-0.2085,-475.3,"BEACH ENERGY LTD","AUS","Beach Energy Ltd",1010,101020,10,10102020,"Energy","Energy","Oil, Gas & Consumable Fuels","Oil & Gas Exploration & Production",794.7,4107.2
"296254","AUD","2024",6,"6/30/2024",5216.697,918.687,3567.1,7.056,1448.026,NA,28.504,-44.146,0,404.337,-0.0833,-44.146,"NEXTDC LTD","AUS","NEXTDC Ltd",4510,451020,45,45102030,"Information Technology","Software & Services","IT Services","Internet Services & Infrastructure",1455.082,5022.182
"208079","AUD","2024",6,"6/30/2024",4904.7,214.3,2562.7,73.5,710.9,NA,-89.2,1.8,0,7224,0.0093,1.8,"SIMS LTD","AUS","Sims Ltd - ADR",1510,151040,15,15104050,"Materials","Materials","Metals & Mining","Steel",784.4,3347.1
"284805","AUD","2024",6,"6/30/2024",4770.9,340.7,756,374.7,2906.6,NA,170,-0.1,0,2261.5,-1e-04,-0.1,"ASCIANO LTD","AUS","Asciano Ltd",2030,203040,20,20304010,"Industrials","Transportation","Ground Transportation (New Name)","Rail Transportation (New Name)",3281.3,4037.3
"272775","AUD","2024",6,"6/30/2024",4754.7,12.6,2582.2,20,1389,NA,299.2,-59.9,0,1084.1,-0.1681,-59.9,"SEEK LTD","AUS","Seek Ltd",5020,502030,50,50203010,"Communication Services","Media & Entertainment","Interactive Media & Services","Interactive Media & Services",1409,3991.2
"292734","AUD","2024",6,"6/30/2024",4668.536,11.531,2936.182,46.1,1292.107,NA,413.082,261.036,0,1098.724,0.6631,249.972,"CAR GROUP LTD","AUS","CAR Group Limited",5020,502030,50,50203010,"Communication Services","Media & Entertainment","Interactive Media & Services","Interactive Media & Services",1338.207,4274.389
"326703","AUD","2024",6,"6/30/2024",4477.73,NA,1921.897,0,0,NA,NA,170.29,0,117.288,0.2749,170.29,"L1 LONG SHORT FUND","AUS","L1 Long Short Fund Ltd",NA,NA,NA,NA,NA,NA,NA,NA,0,1921.897
"101613","AUD","2024",9,"9/30/2024",4427.414,127.192,2211.171,82.011,1016.311,NA,60.065,-5.598,0,3345.909,-0.0679,-25.931,"NUFARM LTD","AUS","Nufarm Ltd",1510,151010,15,15101030,"Materials","Materials","Chemicals","Fertilizers & Agricultural Chemicals",1098.322,3309.493
"353070","AUD","2024",6,"6/30/2024",4364.2,68.5,363.1,12.4,2467.3,NA,716.2,414,0,3996.6,0.1861,414,"LOTTERY CORPORATION LTD","AUS","Lottery Corporation LTD",2530,253010,25,25301010,"Consumer Discretionary","Consumer Services","Hotels, Restaurants & Leisure","Casinos & Gaming",2479.7,2842.8
"286945","AUD","2024",6,"6/30/2024",4309.245,810.001,3244.169,135.773,419.97,NA,396.252,256.883,0,1254.118,0.0854,256.883,"PILBARA MINERALS LTD","AUS","Pilbara Minerals Ltd",1510,151040,15,15104020,"Materials","Materials","Metals & Mining","Diversified Metals & Mining",555.743,3799.912
"207300","AUD","2024",6,"6/30/2024",4214.281,21.708,1203.203,372.779,615.373,NA,257.351,139.155,0,2710.748,0.6371,139.638,"FLIGHT CENTRE TRAVEL GROUP","AUS","Flight Centre Travel Group Ltd",2530,253010,25,25301020,"Consumer Discretionary","Consumer Services","Hotels, Restaurants & Leisure","Hotels, Resorts & Cruise Lines",988.152,2191.355
"274487","AUD","2024",6,"6/30/2024",4049.25,6.399,1749.211,20.274,704.418,NA,223.936,167.677,0,1014.134,1.2566,137.072,"AUB GROUP LTD","AUS","AUB Group Ltd",4030,403010,40,40301010,"Financials","Insurance","Insurance","Insurance Brokers",724.692,2473.903
"314884","AUD","2024",6,"6/30/2024",4004.083,37.606,1785.367,139.255,939.963,NA,336.932,134.9,0,2629.81,0.0687,110.897,"NINE ENTERTAINMENT CO HLDGS","AUS","Nine Entertainment Co Holdings Ltd",5020,502010,50,50201020,"Communication Services","Media & Entertainment","Media","Broadcasting",1079.218,2864.585
"253358","AUD","2024",6,"6/30/2024",3566.8,198.9,3209.3,22.5,26.2,NA,-394.3,2.8,0,844.1,0.0037,2.8,"WESTERN AREAS LTD","AUS","Western Areas Ltd",1510,151040,15,15104020,"Materials","Materials","Metals & Mining","Diversified Metals & Mining",48.7,3258
"253596","AUD","2024",6,"6/30/2024",3566.8,198.9,3209.3,22.5,26.2,NA,-592.6,2.8,0,841.3,0.0037,2.8,"IGO LTD","AUS","IGO Limited",1510,151040,15,15104020,"Materials","Materials","Metals & Mining","Diversified Metals & Mining",48.7,3258
"258858","AUD","2024",6,"6/30/2024",3486.6,74.5,1559.1,197.6,459.8,NA,645.4,438.8,0,9592.4,4.0146,438.8,"JB HI-FI","AUS","Jb Hi-Fi Ltd",2550,255040,25,25504020,"Consumer Discretionary","Consumer Discretionary Distribution & Retail (New Name)","Specialty Retail","Computer & Electronics Retail",657.4,2216.5
"267188","AUD","2024",6,"6/30/2024",3477.1,7.3,324.2,340.4,1.3,NA,153.2,30.1,0,463.6,0.1802,31.6,"CUSCAL LIMITED","AUS","Cuscal Limited",4020,402010,40,40201060,"Financials","Financial Services (New Name)","Financial Services (New Name)","Transaction & Payment Processing Services (New)",341.7,665.9
"258444","AUD","2024",7,"7/31/2024",3468.571,271.783,2543.151,268.201,93.293,NA,706.153,475.855,0,1802.206,0.5631,475.855,"NEW HOPE CORP LTD","AUS","New Hope Corporation Ltd",1010,101020,10,10102050,"Energy","Energy","Oil, Gas & Consumable Fuels","Coal & Consumable Fuels",361.494,2904.645
"222202","AUD","2024",6,"6/30/2024",3385.3,160.4,1246.9,31.4,1113,NA,-48.3,-1359.7,0,2338.9,-0.5957,-1359.7,"TABCORP HOLDINGS LTD","AUS","Tabcorp Holdings Ltd Tah",2530,253010,25,25301010,"Consumer Discretionary","Consumer Services","Hotels, Restaurants & Leisure","Casinos & Gaming",1144.4,2391.3
"210805","AUD","2024",6,"6/30/2024",3355.798,335.154,1788.383,17.115,911.489,NA,240.63,107.165,0,3342.02,0.1085,95.476,"PERENTI LTD","AUS","Perenti Ltd",1510,151040,15,15104020,"Materials","Materials","Metals & Mining","Diversified Metals & Mining",928.604,2716.987
"317261","AUD","2024",6,"6/30/2024",3342.233,6.922,590.715,587.094,1448.116,NA,221.324,89.661,0,1127.212,0.2623,89.661,"SG FLEET GROUP LTD","AUS","SG Fleet Group Ltd",2020,202010,20,20201070,"Industrials","Commercial  & Professional Services","Commercial Services & Supplies","Diversified Support Services",2035.21,2625.925
"270502","AUD","2024",6,"6/30/2024",3263.3,135,1373.2,200.3,903.1,NA,389.2,240.1,0,3882.6,1.0632,240.1,"SUPER RETAIL GROUP LTD","AUS","Super Retail Group Ltd",2550,255040,25,25504040,"Consumer Discretionary","Consumer Discretionary Distribution & Retail (New Name)","Specialty Retail","Other Specialty Retail (New Name)",1103.4,2476.6
"014242","USD","2024",6,"6/30/2024",3242.6,62.8,1910.2,77.5,779.7,NA,195.5,77.5,0,1619.3,0.5944,76.5,"ANSELL LTD","AUS","Ansell Ltd",3510,351010,35,35101020,"Health Care","Health Care Equipment & Services","Health Care Equipment & Supplies","Health Care Supplies",857.2,2767.4
"260564","USD","2024",6,"6/30/2024",2996.798,221.942,1667.901,62.74,519.84,NA,49.457,-19.071,0,935.188,-0.038,-17.348,"SANDFIRE RESOURCES LTD","AUS","SANDFIRE RESOURCES LIMITED",1510,151040,15,15104025,"Materials","Materials","Metals & Mining","Copper",582.58,2250.481
"241405","AUD","2024",6,"6/30/2024",2982.8,50.9,1040.7,271.3,1326.6,NA,65.5,-636,0,1746.2,-0.964,-636,"HEALIUS LTD","AUS","Healius Ltd",3510,351020,35,35102015,"Health Care","Health Care Equipment & Services","Health Care Providers & Services","Health Care  Services",1597.9,2638.6
"241386","AUD","2024",9,"9/30/2024",2904.9,54.7,1502.7,588.3,351.7,NA,21.7,61.8,0,6506.8,0.2765,61.8,"GRAINCORP LTD","AUS","Graincorp Ltd",3010,301010,30,30101020,"Consumer Staples","Consumer Staples Distribution & Retail (New Name)","Consumer Staples Distribution & Retail (New Name)","Food Distributors",940,2442.7
"321501","AUD","2024",6,"6/30/2024",2827.1,25,2213.4,10.7,93.7,NA,388.4,262.8,0,1041.7,0.794,262.8,"WISETECH GLOBAL LTD","AUS","Wisetech Global Ltd",4510,451030,45,45103010,"Information Technology","Software & Services","Software","Application Software",104.4,2317.8
"212658","AUD","2024",6,"6/30/2024",2804.921,579.339,2242.805,33.496,150.482,NA,61.787,84.514,0,463.285,0.0905,84.514,"LYNAS RARE EARTHS LIMITED","AUS","Lynas Rare Earths Limited",1510,151040,15,15104020,"Materials","Materials","Metals & Mining","Diversified Metals & Mining",183.978,2426.783
"351224","AUD","2024",6,"6/30/2024",2790.929,9.491,1220.885,61.603,996.409,NA,132.482,-219.566,0,2294.403,-0.2407,-220.742,"APM HUMAN SERVICES INTL LTD","AUS","APM Human Services International Limited",2020,202020,20,20202010,"Industrials","Commercial  & Professional Services","Professional Services","Human Resource & Employment Services (Definition Update)",1058.012,2278.897
"212635","AUD","2024",6,"6/30/2024",2745.1,62.4,1840.5,41.6,202.1,NA,509.6,356.8,0,2235.6,5.4443,356.8,"COCHLEAR LTD","AUS","Cochlear Ltd",3510,351010,35,35101010,"Health Care","Health Care Equipment & Services","Health Care Equipment & Supplies","Health Care Equipment",243.7,2084.2
"248015","AUD","2024",6,"6/30/2024",2655,4.2,1578.8,8.8,272.4,NA,711.1,293.3,0,1677,2.2929,302.8,"REA GROUP LTD","AUS","REA Group Ltd",5020,502030,50,50203010,"Communication Services","Media & Entertainment","Interactive Media & Services","Interactive Media & Services",281.2,1860
"200157","AUD","2024",6,"6/30/2024",2610.991,95.343,964.145,131.763,1192.555,NA,92.34,4.816,0,1191.38,0.0297,4.816,"EVT LIMITED","AUS","EVT Limited",5020,502020,50,50202010,"Communication Services","Media & Entertainment","Entertainment","Movies & Entertainment",1324.318,2288.463
"273011","AUD","2024",6,"6/30/2024",2592.789,44.245,609.548,150.679,1293.596,NA,187.784,92.347,0,2376.699,1.0269,92.347,"DOMINOS PIZZA ENTERPRISES LT","AUS","Dominos Pizza Enterprises Ltd",2530,253010,25,25301040,"Consumer Discretionary","Consumer Services","Hotels, Restaurants & Leisure","Restaurants",1444.275,2053.823
"220243","AUD","2024",7,"7/31/2024",2523.533,28.739,1795.522,138.602,339.67,NA,344.652,257.922,0,1617.336,1.6178,257.922,"PREMIER INVESTMENTS LTD","AUS","Premier Investments Ltd",2550,255040,25,25504010,"Consumer Discretionary","Consumer Discretionary Distribution & Retail (New Name)","Specialty Retail","Apparel Retail",478.272,2273.794
"275186","AUD","2024",6,"6/30/2024",2483.889,1.363,159.022,87.613,3.023,NA,-2.534,-9.611,0,217.342,-0.0257,-9.611,"EML PAYMENTS LTD","AUS","EML Payments Ltd",4020,402010,40,40201060,"Financials","Financial Services (New Name)","Financial Services (New Name)","Transaction & Payment Processing Services (New)",90.636,249.658
"322802","AUD","2024",6,"6/30/2024",2400,161.7,219.6,275.8,1449.7,NA,225.9,101.5,0,3262,0.2731,101.5,"INGHAMS GROUP LTD","AUS","Inghams Group Ltd",3020,302020,30,30202030,"Consumer Staples","Food, Beverage & Tobacco","Food Products","Packaged Foods & Meats",1725.5,1945.1
"316292","AUD","2024",6,"6/30/2024",2399.53,148.519,927.373,56.212,963.672,NA,119.275,58.006,0,2016.811,0.2147,58.006,"KELSIAN GROUP LIMITED","AUS","Kelsian Group Limited",2030,203040,20,20304040,"Industrials","Transportation","Ground Transportation (New Name)","Passenger Ground Transportation (New)",1019.884,1947.257
"270244","AUD","2024",7,"7/31/2024",2375.5,52,255,161.9,1467.4,NA,162.7,43.5,0,2438.1,NA,NA,"MYER HOLDINGS LIMITED","AUS","Myer Holdings Limited",2550,255040,25,25504010,"Consumer Discretionary","Consumer Discretionary Distribution & Retail (New Name)","Specialty Retail","Apparel Retail",1629.3,1884.3
"293130","AUD","2024",7,"7/31/2024",2375.5,52,255,161.9,1467.4,NA,161,43.5,0,2438.1,0.0525,43.5,"MYER HOLDINGS-OLD","AUS","Myer Holdings Ltd-old",2550,255030,25,25503030,"Consumer Discretionary","Consumer Discretionary Distribution & Retail (New Name)","Broadline Retail (New Name)","Broadline Retail (New)",1629.3,1884.3
"202362","AUD","2024",9,"9/30/2024",2326.464,28.262,845.189,347.718,382.998,NA,113.578,49.848,0,3131.29,0.2865,45.08,"ELDERS LTD","AUS","Elders Ltd",3020,302020,30,30202010,"Consumer Staples","Food, Beverage & Tobacco","Food Products","Agricultural Products & Services (New Name)",730.716,1575.905
"254186","AUD","2024",6,"6/30/2024",2167.553,24.233,1620.758,130.352,77.483,NA,54.132,-5.438,0,620.002,-0.0015,-5.438,"VAULT MINERALS LIMITED","AUS","Vault Minerals Limited",1510,151040,15,15104030,"Materials","Materials","Metals & Mining","Gold",207.835,1828.593
"321584","USD","2024",6,"6/30/2024",2144.499,39.328,1264.368,20.769,540.037,NA,203.792,110.145,0,1245.754,0.1404,110.145,"RELIANCE WORLDWIDE CORP LTD","AUS","Reliance Worldwide Corp Ltd",2010,201020,20,20102010,"Industrials","Capital Goods","Building Products","Building Products",560.806,1825.174
"298675","AUD","2024",6,"6/30/2024",2138.8,63,1014.8,23.9,395,NA,52,30.5,0,3521.6,0.1002,30.5,"BEGA CHEESE LTD","AUS","Bega Cheese Ltd",3020,302020,30,30202030,"Consumer Staples","Food, Beverage & Tobacco","Food Products","Packaged Foods & Meats",418.9,1433.7
"211367","AUD","2024",6,"6/30/2024",2129.895,273.824,1355.919,313.289,53.138,NA,-132.958,-186.017,0,1262.814,-0.2463,-186.017,"REGIS RESOURCES LTD","AUS","Regis Resources Ltd",1510,151040,15,15104030,"Materials","Materials","Metals & Mining","Gold",366.427,1722.346
"232041","AUD","2024",6,"6/30/2024",2093.227,66.42,1004.665,44.831,236.227,NA,-23.195,14.876,0,1468.907,0.041,14.876,"AUSTAL LTD","AUS","Austal Limited",2010,201010,20,20101010,"Industrials","Capital Goods","Aerospace & Defense","Aerospace & Defense",281.058,1285.723
"271326","USD","2024",6,"6/30/2024",1985.786,121.283,1779.976,1.699,1.521,NA,462.231,364.755,0,1025.799,0.2362,324.281,"PERSEUS MINING LTD","AUS","Perseus Mining Ltd",1510,151040,15,15104030,"Materials","Materials","Metals & Mining","Gold",3.22,1783.196
"316907","AUD","2024",6,"6/30/2024",1952.176,116.263,474.184,81.308,915.122,NA,119.551,3.735,0,1803.687,0.0108,3.735,"PACT GROUP HLDGS LTD","AUS","Pact Group Holdings Ltd",1510,151030,15,15103010,"Materials","Materials","Containers & Packaging","Metal, Glass & Plastic Containers  (New Name)",996.43,1470.614
"317476","AUD","2024",6,"6/30/2024",1904.805,32.354,894.342,65.784,628.378,NA,138.572,-158.625,0,2036.938,-0.4664,-158.309,"BAPCOR LTD","AUS","Bapcor Ltd",2550,255010,25,25501010,"Consumer Discretionary","Consumer Discretionary Distribution & Retail (New Name)","Distributors","Distributors",694.162,1588.504
"297921","AUD","2024",6,"6/30/2024",1897.8,76.3,833.3,6.1,295.7,NA,-584.1,-1684.6,0,1677.8,-0.6675,-1684.6,"THE STAR ENTERTAINMENT GROUP","AUS","The Star Entertainment Group Ltd",2530,253010,25,25301010,"Consumer Discretionary","Consumer Services","Hotels, Restaurants & Leisure","Casinos & Gaming",301.8,1135.1
"318480","AUD","2024",6,"6/30/2024",1812.508,65.725,-22.885,0.919,2.924,NA,-40.887,-21.415,0,1014.051,-0.0711,-21.415,"REGIS HEALTHCARE LTD","AUS","Regis Healthcare Ltd",3510,351020,35,35102020,"Health Care","Health Care Equipment & Services","Health Care Providers & Services","Health Care Facilities",3.843,-19.042
"101568","AUD","2024",6,"6/30/2024",1790.923,20.037,933.667,22.679,483.485,NA,172.371,99.812,0,987.174,0.7084,99.812,"AMOTIV LIMITED","AUS","Amotiv Limited",2510,251010,25,25101010,"Consumer Discretionary","Automobiles & Components","Automobile Components (New Name)","Automotive Parts & Equipment (New Name)",506.164,1439.831
"322858","AUD","2024",6,"6/30/2024",1728.385,29.179,493.662,620.436,371.511,NA,145.726,61.48,0,2646.763,0.3028,60.872,"AUTOSPORTS GROUP LTD","AUS","Autosports Group Ltd",2550,255040,25,25504050,"Consumer Discretionary","Consumer Discretionary Distribution & Retail (New Name)","Specialty Retail","Automotive Retail",991.947,1485.609
"296280","AUD","2024",6,"6/30/2024",1643.103,5.136,1190.692,9.748,29.034,NA,115.356,86.385,0,710.42,0.5787,84.452,"CORPORATE TRAVEL MGMT LTD","AUS","Corporate Travel Management Ltd",2530,253010,25,25301020,"Consumer Discretionary","Consumer Services","Hotels, Restaurants & Leisure","Hotels, Resorts & Cruise Lines",38.782,1229.474
"286001","AUD","2024",6,"6/30/2024",1612.258,192.846,652.556,93.663,231.796,NA,136.823,105.096,0,2913.007,0.2315,105.096,"NRW HOLDINGS LTD","AUS","NRW Holdings Ltd",2010,201030,20,20103010,"Industrials","Capital Goods","Construction & Engineering","Construction & Engineering",325.459,978.015
"256406","AUD","2024",6,"6/30/2024",1593.948,123.149,1329.128,9.078,1.389,NA,265.971,216.582,0,882.572,0.1953,216.582,"RAMELIUS RESOURCES LTD","AUS","Ramelius Resources Ltd",1510,151040,15,15104030,"Materials","Materials","Metals & Mining","Gold",10.467,1339.595
"345403","AUD","2024",6,"6/30/2024",1589.415,55.852,683.685,74.945,551.135,NA,113.477,75.602,0,908.522,0.2228,72.958,"MAAS GROUP HOLDINGS LIMITED","AUS","MAAS Group Holdings Limited",2010,201030,20,20103010,"Industrials","Capital Goods","Construction & Engineering","Construction & Engineering",626.08,1309.765
"325957","AUD","2024",6,"6/30/2024",1483.82,37.143,1113.952,3.846,195.812,NA,92.539,51.223,0,390.911,0.0689,43.44,"DOMAIN HOLDINGS AUSTRALIA LT","AUS","Domain Holdings Australia Ltd",5020,502030,50,50203010,"Communication Services","Media & Entertainment","Interactive Media & Services","Interactive Media & Services",199.658,1313.61
"105117","AUD","2024",6,"6/30/2024",1477.901,15.264,403.487,15.62,500.038,NA,114.875,45.301,0,1413.701,0.0294,45.301,"SEVEN WEST MEDIA LTD","AUS","Seven West Media Ltd",5020,502010,50,50201020,"Communication Services","Media & Entertainment","Media","Broadcasting",515.658,919.145
"347444","AUD","2024",6,"6/30/2024",1452.164,10.682,524.945,478.824,311.791,NA,96.275,37.443,0,2473.542,0.2099,36.085,"PETER WARREN AUTOMOTIVE HOLD","AUS","Peter Warren Automotive Holdings Limited",2550,255040,25,25504050,"Consumer Discretionary","Consumer Discretionary Distribution & Retail (New Name)","Specialty Retail","Automotive Retail",790.615,1315.56
"101597","AUD","2024",6,"6/30/2024",1451.35,149.985,633.515,104.139,237.026,NA,99.461,53.226,0,2031.261,0.0253,53.226,"MACMAHON HOLDINGS LTD","AUS","Macmahon Holdings Ltd",1510,151040,15,15104020,"Materials","Materials","Metals & Mining","Diversified Metals & Mining",341.165,974.68
"282142","AUD","2024",6,"6/30/2024",1384.924,665.729,770.072,6.723,454.191,NA,-60.706,-64.918,0,0,-0.0276,-64.918,"LIONTOWN RESOURCES LTD","AUS","Liontown Resources Ltd",1510,151040,15,15104020,"Materials","Materials","Metals & Mining","Diversified Metals & Mining",460.914,1230.986
"242650","AUD","2024",6,"6/30/2024",1341.071,24.925,848.214,24.755,131.228,NA,183.398,118.507,0,1529.993,0.8269,118.507,"BREVILLE GROUP LTD","AUS","Breville Group Ltd",2520,252010,25,25201040,"Consumer Discretionary","Consumer Durables & Apparel","Household Durables","Household Appliances",155.983,1004.197
"253326","AUD","2024",6,"6/30/2024",1314.61,107.926,1275.953,0.747,7.37,NA,-28.312,-17.22,0,0.024,-0.0093,-17.22,"DE GREY MINING LTD","AUS","De Grey Mining Ltd",1510,151040,15,15104030,"Materials","Materials","Metals & Mining","Gold",8.117,1284.07
"318667","AUD","2024",6,"6/30/2024",1313.4,8.8,634.3,9.9,481.9,NA,127.3,60.8,0,605.6,0.2508,60.8,"IPH LTD","AUS","IPH Ltd",2020,202020,20,20202020,"Industrials","Commercial  & Professional Services","Professional Services","Research & Consulting Services",491.8,1126.1
"271411","AUD","2024",6,"6/30/2024",1303.05,0.88,128.844,7.789,580.34,NA,155.915,90.057,0,521.018,1.2931,90.057,"MCMILLAN SHAKESPEARE LTD","AUS","Mcmillan Shakespeare Ltd",2020,202020,20,20202010,"Industrials","Commercial  & Professional Services","Professional Services","Human Resource & Employment Services (Definition Update)",588.129,716.973
"320762","AUD","2024",6,"6/30/2024",1256.326,14.229,523.373,23.797,371.863,NA,215.894,133.532,0,1037.246,0.4769,132.749,"IDP EDUCATION LTD","AUS","IDP Education Ltd",2530,253020,25,25302010,"Consumer Discretionary","Consumer Services","Diversified Consumer Services","Education Services",395.66,919.033
"340137","AUD","2024",6,"6/30/2024",1237.757,34.674,570.102,13.34,338.208,NA,59.647,26.379,0,999.749,0.0974,26.379,"AUSSIE BROADBAND LTD","AUS","Aussie Broadband Limited",5010,501010,50,50101010,"Communication Services","Telecommunication Services","Diversified Telecommunication Services","Alternative Carriers",351.548,921.65
"253322","AUD","2024",6,"6/30/2024",1223.186,66.446,417.646,0.847,254.074,NA,-111.761,-114.109,0,219.047,-0.0433,-114.109,"AMPLITUDE ENERGY LIMITED","AUS","Amplitude Energy Limited",1010,101020,10,10102020,"Energy","Energy","Oil, Gas & Consumable Fuels","Oil & Gas Exploration & Production",254.921,672.567
"290328","AUD","2024",6,"6/30/2024",1209.028,164.555,991.381,12.928,32.275,NA,36.91,82.829,0,438.593,0.0774,83.996,"GENESIS MINERALS LTD","AUS","Genesis Minerals Ltd",1510,151040,15,15104030,"Materials","Materials","Metals & Mining","Gold",45.203,1036.584
"320982","AUD","2024",6,"6/30/2024",1187.66,3.611,495.669,6.51,230.53,NA,80.944,57.773,0,329.004,0.158,57.161,"PSC INSURANCE GROUP LTD","AUS","PSC Insurance Group Ltd",4030,403010,40,40301010,"Financials","Insurance","Insurance","Insurance Brokers",237.04,732.709
"278546","AUD","2024",6,"6/30/2024",1174.758,214.947,637.241,53.551,305.185,NA,115.678,52.66,0,822.728,0.102,52.66,"EMECO HOLDINGS LTD","AUS","Emeco Holdings Ltd",2010,201070,20,20107010,"Industrials","Capital Goods","Trading Companies & Distributors","Trading Companies & Distributors",358.736,995.977
"271338","AUD","2024",6,"6/30/2024",1147.947,24.84,418.805,148.698,393.505,NA,124.528,59.53,0,1454.352,0.1061,59.53,"ACCENT GROUP LTD","AUS","Accent Group Ltd",2550,255040,25,25504010,"Consumer Discretionary","Consumer Discretionary Distribution & Retail (New Name)","Specialty Retail","Apparel Retail",542.203,961.008
"285235","AUD","2024",6,"6/30/2024",1143.177,7.95,454.188,3.82,35,NA,-44.537,-168.619,0,388.399,-2.1178,-168.619,"MAYNE PHARMA GROUP LTD","AUS","Mayne Pharma Group Ltd",3520,352020,35,35202010,"Health Care","Pharmaceuticals, Biotechnology & Life Sciences","Pharmaceuticals","Pharmaceuticals",38.82,493.008
"212653","AUD","2024",6,"6/30/2024",1052.5,273.083,691.802,23.377,31.233,NA,126.956,95.232,0,716.473,0.2011,95.232,"WESTGOLD RESOURCES LTD","AUS","Westgold Resources Limited",1510,151040,15,15104030,"Materials","Materials","Metals & Mining","Gold",54.61,746.412
"271534","AUD","2024",6,"6/30/2024",1048.559,8.557,480.288,21.341,95.678,NA,52.16,32.298,0,2288.793,0.0525,32.298,"SERVICE STREAM LTD","AUS","Service Stream Ltd",2010,201030,20,20103010,"Industrials","Capital Goods","Construction & Engineering","Construction & Engineering",117.019,597.307
"282001","AUD","2024",6,"6/30/2024",1021.439,216.025,805.221,0.584,113.26,NA,-57.814,-49.186,0,0,-0.0269,-49.186,"BCI MINERALS LTD","AUS","BCI Minerals Ltd",1510,151040,15,15104020,"Materials","Materials","Metals & Mining","Diversified Metals & Mining",113.844,919.065
"211572","AUD","2024",9,"9/30/2024",1010.068,22.039,480.759,52.415,348.104,NA,15.172,1.5,0,337.285,0.0124,1.5,"SELECT HARVESTS LTD","AUS","Select Harvests Ltd",3020,302020,30,30202010,"Consumer Staples","Food, Beverage & Tobacco","Food Products","Agricultural Products & Services (New Name)",400.519,881.278
"311355","AUD","2024",6,"6/30/2024",998.795,115.146,410.74,10.059,356.782,NA,104.524,60.452,0,637.19,0.3761,60.452,"ALLIANCE AVIATION SERVICES","AUS","Alliance Aviation Services Ltd",2030,203020,20,20302010,"Industrials","Transportation","Passenger Airlines (New name)","Passenger Airlines (New name)",366.841,777.581
"270457","AUD","2024",6,"6/30/2024",952.513,128.729,795.633,15.47,15.15,NA,-114.642,-119.022,0,200.873,-0.0099,-101.398,"SAYONA MINING LTD","AUS","Sayona Mining Ltd",1510,151040,15,15104020,"Materials","Materials","Metals & Mining","Diversified Metals & Mining",30.62,826.253
"274905","AUD","2024",6,"6/30/2024",934.747,210.585,559.64,58.098,249.658,NA,79.351,75.416,0,298.406,0.0652,75.416,"BELLEVUE GOLD LTD","AUS","Bellevue Gold Ltd",1510,151040,15,15104030,"Materials","Materials","Metals & Mining","Gold",307.756,867.396
"312231","AUD","2024",6,"6/30/2024",910.317,25.21,488.218,13.944,107.353,NA,91.678,64.409,0,1033.473,NA,NA,"CIVMEC LIMITED","AUS","Civmec Limited",2010,201030,20,20103010,"Industrials","Capital Goods","Construction & Engineering","Construction & Engineering",121.297,609.515
"242795","AUD","2024",6,"6/30/2024",887.363,88.882,465.594,27.547,66.693,NA,83.687,62.225,0,2015.915,0.6408,62.203,"MONADELPHOUS GROUP LTD","AUS","Monadelphous Group Ltd Mndda",2010,201030,20,20103010,"Industrials","Capital Goods","Construction & Engineering","Construction & Engineering",94.24,559.834
"242679","AUD","2024",6,"6/30/2024",866.147,0.607,74.916,3.99,16.605,NA,53.25,43.311,0,805.746,0.28,43.311,"DATA3 LTD","AUS","Data3 Ltd",4510,451020,45,45102010,"Information Technology","Software & Services","IT Services","IT Consulting & Other Services",20.595,95.511
"212381","AUD","2024",6,"6/30/2024",863.194,0.012,456.618,1.39,226.057,NA,12.667,1.022,0,319.746,0.002,1.022,"AV JENNINGS LTD","AUS","AV Jennings Ltd",2520,252010,25,25201030,"Consumer Discretionary","Consumer Durables & Apparel","Household Durables","Homebuilding",227.447,684.065
"278786","AUD","2024",6,"6/30/2024",844.38,16.416,118.178,160.181,277.131,NA,30.15,-2.354,0,894.761,-0.0019,-3.163,"AMA GROUP LTD","AUS","AMA Group Ltd",2020,202010,20,20201070,"Industrials","Commercial  & Professional Services","Commercial Services & Supplies","Diversified Support Services",437.312,555.49
"248144","AUD","2024",6,"6/30/2024",838.472,0.033,47.988,2.42,785.405,NA,-8.192,-8.191,0,39.933,-0.006,-8.191,"WISR LTD","AUS","Wisr Ltd",4020,402020,40,40202010,"Financials","Financial Services (New Name)","Consumer Finance","Consumer Finance",787.825,835.813
"202023","USD","2024",6,"6/30/2024",838.26,0.212,-48.084,695.363,93.145,NA,1.396,-801.984,0,24.771,-0.2603,-801.521,"ENERGY WORLD CORP LTD","AUS","Energy World Corporation Ltd",5510,551050,55,55105010,"Utilities","Utilities","Independent Power and Renewable Electricity Producers","Independent Power Producers & Energy Traders",788.508,740.424
"315120","AUD","2024",6,"6/30/2024",792.507,220.532,534.984,1.414,76.158,NA,-2.971,1.318,0,17.051,0.0025,1.318,"MALABAR COAL LTD","AUS","Malabar Coal Ltd",1010,101020,10,10102050,"Energy","Energy","Oil, Gas & Consumable Fuels","Coal & Consumable Fuels",77.572,612.556
"211528","AUD","2024",6,"6/30/2024",792.269,48.05,659.416,5.945,34.306,NA,144.485,102.683,0,693.154,1.2491,102.683,"ARB CORP","AUS","Arb Corporation Ltd",2510,251010,25,25101010,"Consumer Discretionary","Automobiles & Components","Automobile Components (New Name)","Automotive Parts & Equipment (New Name)",40.251,699.667
"253587","AUD","2024",6,"6/30/2024",786.144,29.323,571.277,33.795,93.858,NA,70.422,32.399,0,445.284,0.0636,32.399,"IMDEX LTD","AUS","Imdex Ltd",1510,151040,15,15104020,"Materials","Materials","Metals & Mining","Diversified Metals & Mining",127.653,698.93
"325598","AUD","2024",6,"6/30/2024",786.071,7.755,460.276,23.418,52.528,NA,98.815,63.283,0,1158.876,0.1734,48.012,"JOHNS LYNG GROUP","AUS","Johns Lyng Group Ltd",2010,201030,20,20103010,"Industrials","Capital Goods","Construction & Engineering","Construction & Engineering",75.946,536.222
"259267","AUD","2024",6,"6/30/2024",768.711,10.122,446.932,6.689,134.357,NA,114.441,81.298,0,550.459,0.4495,81.387,"CODAN LTD","AUS","Codan Limited",4520,452030,45,45203010,"Information Technology","Technology Hardware & Equipment","Electronic Equipment, Instruments & Components","Electronic Equipment & Instruments",141.046,587.978
"241419","AUD","2024",9,"9/30/2024",757.44,6.322,379.262,7.096,52.571,NA,146.628,118.014,0,506.536,0.3624,118.014,"TECHNOLOGY ONE LTD","AUS","Technology One Ltd",4510,451030,45,45103010,"Information Technology","Software & Services","Software","Application Software",59.667,438.929
"320604","AUD","2024",6,"6/30/2024",744.276,23.878,301.707,16.17,341.627,NA,42.168,-60.699,0,469.697,-0.26,-60.699,"INTEGRAL DIAGNOSTICS LTD","AUS","Integral Diagnostics Ltd",3510,351020,35,35102015,"Health Care","Health Care Equipment & Services","Health Care Providers & Services","Health Care  Services",357.797,659.504
"246015","AUD","2024",6,"6/30/2024",712.422,5.885,557.968,31.52,17.248,NA,158.85,80.697,0,371.073,0.1357,84.266,"EMERALD RESOURCES NL","AUS","Emerald Resources NL",1510,151040,15,15104030,"Materials","Materials","Metals & Mining","Gold",48.768,606.736
"270845","AUD","2024",6,"6/30/2024",704.882,27.898,257.779,39.987,280.385,NA,127.562,80.612,0,468.189,0.9873,80.612,"NICK SCALI LTD","AUS","Nick Scali Ltd",2550,255040,25,25504060,"Consumer Discretionary","Consumer Discretionary Distribution & Retail (New Name)","Specialty Retail","Homefurnishing Retail",320.372,578.151
"357325","AUD","2024",6,"6/30/2024",702.382,3.825,531.27,19.926,27.116,NA,126.003,90.236,0,1137.328,NA,NA,"REDOX LIMITED","AUS","Redox Limited",2010,201070,20,20107010,"Industrials","Capital Goods","Trading Companies & Distributors","Trading Companies & Distributors",47.042,578.312
"274512","AUD","2024",6,"6/30/2024",692.317,2.783,202.837,7.752,238.066,NA,21.542,-224.604,0,499.405,-0.9362,-224.604,"SOUTHERN CROSS MEDIA GROUP","AUS","Southern Cross Media Group",5020,502010,50,50201020,"Communication Services","Media & Entertainment","Media","Broadcasting",245.818,448.655
"349886","AUD","2024",6,"6/30/2024",690.072,66.185,321.745,11.278,219.735,NA,42.57,18.532,0,227.777,0.0445,18.532,"COBRAM ESTATE OLIVES LTD","AUS","Cobram Estate Olives Ltd",3020,302020,30,30202030,"Consumer Staples","Food, Beverage & Tobacco","Food Products","Packaged Foods & Meats",231.013,552.758
"232122","AUD","2024",6,"6/30/2024",689.886,136.738,455.252,3.88,126.905,NA,51.054,33.001,0,363.294,1.3467,33.001,"MACQUARIE TECHNOLOGY GROUP","AUS","Macquarie Technology Group Limited",4510,451020,45,45102030,"Information Technology","Software & Services","IT Services","Internet Services & Infrastructure",130.785,586.037
"241412","AUD","2024",6,"6/30/2024",674.353,NA,194.617,94.364,276.834,NA,56.291,39.038,0,314.106,0.399,39.038,"SERVCORP LTD","AUS","Servcorp Ltd",6020,602010,60,60201020,"Real Estate","Real Estate Management & Development (New)","Real Estate Management & Development (New Code)","Real Estate Operating Companies (New Code)",371.198,565.815
"271607","USD","2024",6,"6/30/2024",669.153,0.271,480.355,16.488,102.435,NA,-57.972,-87.956,0,5.902,-0.0891,-87.956,"MESOBLAST LTD","AUS","Mesoblast Ltd",3520,352010,35,35201010,"Health Care","Pharmaceuticals, Biotechnology & Life Sciences","Biotechnology","Biotechnology",118.923,599.278
"321002","AUD","2024",6,"6/30/2024",664.829,14.743,194.579,35.273,255.658,NA,59.051,27.605,0,972.821,0.1796,27.605,"IVE GROUP LTD","AUS","IVE Group Ltd",5020,502010,50,50201010,"Communication Services","Media & Entertainment","Media","Advertising",290.931,485.51
"207103","AUD","2024",6,"6/30/2024",664.381,30.867,323.119,70.09,93.202,NA,63.884,39.853,0,1262.897,0.1262,39.853,"RIDLEY CORP LTD","AUS","Ridley Corporation Ltd",3020,302020,30,30202010,"Consumer Staples","Food, Beverage & Tobacco","Food Products","Agricultural Products & Services (New Name)",163.292,486.411
"247496","AUD","2024",6,"6/30/2024",664.298,60.343,546.173,9.144,2.707,NA,33.812,6.43,0,667.678,0.0053,6.43,"MOUNT GIBSON IRON LTD","AUS","Mount Gibson Iron Ltd",1510,151040,15,15104050,"Materials","Materials","Metals & Mining","Steel",11.851,558.024
"362021","AUD","2024",6,"6/30/2024",661.797,33.496,353.979,22.201,217.297,NA,-3.849,-13.748,0,342.214,-0.1607,-13.748,"GUZMAN Y GOMEZ LTD","AUS","Guzman y Gomez Ltd",2530,253010,25,25301040,"Consumer Discretionary","Consumer Services","Hotels, Restaurants & Leisure","Restaurants",239.498,593.477
"101742","AUD","2024",6,"6/30/2024",659.885,1.022,304.591,46.932,135.881,NA,66.027,38.631,NA,413.492,0.1457,38.631,"GWA GROUP LTD","AUS","GWA Group Ltd",2010,201020,20,20102010,"Industrials","Capital Goods","Building Products","Building Products",182.813,487.404
"208239","AUD","2024",6,"6/30/2024",652.375,68.542,355.946,3.285,62.944,NA,36.201,31.225,0,824.577,0.2282,31.225,"K&S CORP LTD","AUS","K & S Corp Ltd",2030,203010,20,20301010,"Industrials","Transportation","Air Freight & Logistics","Air Freight & Logistics",66.229,422.175
"247872","AUD","2024",6,"6/30/2024",640.484,25.512,305.054,27.766,59.929,NA,57.262,34.436,0,1069.259,0.0661,34.436,"SRG GLOBAL LTD","AUS","SRG Global Ltd",2010,201030,20,20103010,"Industrials","Capital Goods","Construction & Engineering","Construction & Engineering",87.695,392.749
"102202","AUD","2024",6,"6/30/2024",625.079,17.12,614.636,0.231,3.336,NA,-14.363,-10.636,0,0.016,-0.0131,-10.636,"DEEP YELLOW LTD","AUS","Deep Yellow Ltd",1010,101020,10,10102050,"Energy","Energy","Oil, Gas & Consumable Fuels","Coal & Consumable Fuels",3.567,618.203
"326013","AUD","2024",6,"6/30/2024",624.58,26.429,351.734,28.982,115.803,NA,40.562,17.812,0,209.238,0.1417,17.812,"PROPEL FUNERAL PAR","AUS","Propel Funeral Partners Limited",2530,253020,25,25302020,"Consumer Discretionary","Consumer Services","Diversified Consumer Services","Specialized Consumer Services",144.785,496.519
"289353","AUD","2024",6,"6/30/2024",623.559,65.64,309.265,60.291,23.819,NA,126.671,87.138,0,359.834,0.2313,87.138,"CAPRICORN METALS LTD","AUS","Capricorn Metals Ltd",1510,151040,15,15104030,"Materials","Materials","Metals & Mining","Gold",84.11,393.375
"247885","USD","2024",6,"6/30/2024",621.782,96.598,397.815,33.664,133.686,NA,-23.782,59.998,0,0,0.1792,53.628,"PALADIN ENERGY LTD","AUS","Paladin Energy Ltd",1010,101020,10,10102050,"Energy","Energy","Oil, Gas & Consumable Fuels","Coal & Consumable Fuels",167.35,565.165
"249497","AUD","2024",6,"6/30/2024",614.048,1.881,328.346,6.57,15.627,NA,25.804,30.729,0,216.86,0.1918,30.604,"HELLOWORLD TRAVEL LTD","AUS","Helloworld Travel Ltd",2530,253010,25,25301020,"Consumer Discretionary","Consumer Services","Hotels, Restaurants & Leisure","Hotels, Resorts & Cruise Lines",22.197,350.543
"319886","AUD","2024",6,"6/30/2024",610.496,27.409,223.164,52.523,223.374,NA,59.907,31.09,0,594.356,0.1793,31.09,"ADAIRS LTD","AUS","Adairs Ltd",2550,255040,25,25504060,"Consumer Discretionary","Consumer Discretionary Distribution & Retail (New Name)","Specialty Retail","Homefurnishing Retail",275.897,499.061
"203209","AUD","2024",6,"6/30/2024",605.889,25.994,342.209,18.114,162.784,NA,31.426,14.328,0,466.135,0.0503,14.328,"DGL GROUP LIMITED","AUS","DGL Group Limited",1510,151010,15,15101050,"Materials","Materials","Chemicals","Specialty Chemicals",180.898,523.107
"272236","AUD","2024",6,"6/30/2024",593.379,0.009,543.347,0.099,0.299,NA,1.181,38.874,0,8.07,NA,NA,"JUPITER MINES LTD","AUS","Jupiter Mines Ltd",1510,151040,15,15104020,"Materials","Materials","Metals & Mining","Diversified Metals & Mining",0.398,543.745
"347733","AUD","2024",6,"6/30/2024",593.06,6.505,177.765,104.709,204.19,NA,62.552,24.244,0,696.368,0.1203,23.934,"AUSTRALIAN CLINICAL LABS LTD","AUS","Australian Clinical Labs Ltd",3510,351020,35,35102015,"Health Care","Health Care Equipment & Services","Health Care Providers & Services","Health Care  Services",308.899,486.664
"315360","AUD","2024",6,"6/30/2024",592.576,0.991,272.628,18.926,67.063,NA,18.467,6.206,0,195.734,0.036,6.199,"SHINE JUSTICE LTD","AUS","Shine Justice Ltd",2530,253020,25,25302020,"Consumer Discretionary","Consumer Services","Diversified Consumer Services","Specialized Consumer Services",85.989,358.617
"237812","AUD","2024",6,"6/30/2024",584.601,NA,0,227.835,354.509,NA,28.757,0,0,30.421,NA,0,"AFT CORP LTD","AUS","Aft Corporation Ltd",2010,201020,20,20102010,"Industrials","Capital Goods","Building Products","Building Products",582.344,582.344
"101513","AUD","2024",6,"6/30/2024",568.633,32.834,349.293,4.208,3.324,NA,-79.957,-53.915,0,223.603,-0.0659,-53.915,"ST BARBARA LTD","AUS","St Barbara Ltd",1510,151040,15,15104030,"Materials","Materials","Metals & Mining","Gold",7.532,356.825
"242369","AUD","2024",6,"6/30/2024",566.832,5.06,337.145,4.889,84.461,NA,42.386,21.064,0,353.106,0.1037,21.064,"HANSEN TECHNOLOGIES LTD","AUS","Hansen Technologies Ltd",4510,451030,45,45103010,"Information Technology","Software & Services","Software","Application Software",89.35,426.495
"296578","AUD","2024",6,"6/30/2024",562.744,93.482,271.788,11.735,49.935,NA,-1.126,-24.258,0,540.02,-0.0286,-24.258,"AERIS RESOURCES LTD","AUS","Aeris Resources Ltd",1510,151040,15,15104025,"Materials","Materials","Metals & Mining","Copper",61.67,333.458
"260563","AUD","2024",6,"6/30/2024",560.882,40.727,413.3,27.375,28.742,NA,-60.943,-49.31,0,229.432,-0.0094,-49.31,"PANTORO LTD","AUS","Pantoro Ltd",1510,151040,15,15104030,"Materials","Materials","Metals & Mining","Gold",56.117,469.417
"349397","AUD","2024",6,"6/30/2024",553.87,13.442,82.391,61.621,320.537,NA,29.309,7.415,0,556.4,0.0915,7.415,"SILK LOGISTICS HOLDINGS LTD","AUS","Silk Logistics Holdings Limited",2030,203010,20,20301010,"Industrials","Transportation","Air Freight & Logistics","Air Freight & Logistics",382.158,464.549
"319821","AUD","2024",6,"6/30/2024",552.275,17.518,367.722,4.034,56.201,NA,-25.598,-14.742,0,416.625,-0.0308,-14.742,"SUPERLOOP LTD","AUS","Superloop Ltd",5010,501010,50,50101010,"Communication Services","Telecommunication Services","Diversified Telecommunication Services","Alternative Carriers",60.235,427.957
"249501","AUD","2024",6,"6/30/2024",550.051,20.571,149.366,85.27,161.779,NA,48.293,27.269,0,804.367,0.0875,27.269,"LINDSAY AUSTRALIA LTD","AUS","Lindsay Australia Ltd",2030,203040,20,20304030,"Industrials","Transportation","Ground Transportation (New Name)","Cargo Ground Transportation (New)",247.049,396.415
"205148","AUD","2024",6,"6/30/2024",545.244,21.099,166.881,40.278,173.203,NA,13.513,-0.479,0,644.929,NA,NA,"MICHAEL HILL INTL LTD","AUS","Michael Hill International Ltd",2550,255040,25,25504040,"Consumer Discretionary","Consumer Discretionary Distribution & Retail (New Name)","Specialty Retail","Other Specialty Retail (New Name)",213.481,380.362
"332470","AUD","2024",6,"6/30/2024",542.485,13.754,109.084,51.366,267.975,NA,25.227,3.248,0,162.627,0.0355,3.248,"VIVA LEISURE LTD","AUS","Viva Leisure Limited",2530,253010,25,25301030,"Consumer Discretionary","Consumer Services","Hotels, Restaurants & Leisure","Leisure Facilities",319.341,428.425
"285491","AUD","2024",6,"6/30/2024",539.015,90.411,510.304,0.158,0.49,NA,-14.37,44.592,0,0,0.1163,44.592,"BOSS ENERGY LIMITED","AUS","Boss Energy Limited",1010,101020,10,10102050,"Energy","Energy","Oil, Gas & Consumable Fuels","Coal & Consumable Fuels",0.648,510.952
"318878","AUD","2024",6,"6/30/2024",532.799,38.459,80.286,58.406,300.661,NA,130.62,82.411,0,698.664,0.7538,82.411,"LOVISA HOLDINGS LTD","AUS","Lovisa Holdings Ltd",2550,255040,25,25504040,"Consumer Discretionary","Consumer Discretionary Distribution & Retail (New Name)","Specialty Retail","Other Specialty Retail (New Name)",359.067,439.353
"271330","AUD","2024",6,"6/30/2024",527.188,98.71,452.44,16.07,7.832,NA,2.633,8.584,0,45.596,0.0032,8.584,"STRIKE ENERGY LTD","AUS","Strike Energy Ltd",1010,101020,10,10102020,"Energy","Energy","Oil, Gas & Consumable Fuels","Oil & Gas Exploration & Production",23.902,476.342
"317886","AUD","2024",6,"6/30/2024",508.47,20.819,246.659,7.99,127.38,NA,-4.847,-5.949,0,254.96,-0.0168,-6.527,"MONASH IVF GROUP LTD","AUS","Monash IVF Group Ltd",3510,351020,35,35102020,"Health Care","Health Care Equipment & Services","Health Care Providers & Services","Health Care Facilities",135.37,382.029
"270418","AUD","2024",6,"6/30/2024",490.735,15.741,170.083,81.309,154.909,NA,13.778,4.713,0,852.736,0.1239,4.713,"REJECT SHOP LTD","AUS","The Reject Shop Ltd",2550,255030,25,25503030,"Consumer Discretionary","Consumer Discretionary Distribution & Retail (New Name)","Broadline Retail (New Name)","Broadline Retail (New)",236.218,406.301
"290324","AUD","2024",6,"6/30/2024",480.003,80.652,296.417,1.088,168.215,NA,-3.955,-33.792,0,0,-0.2411,-33.792,"HASTINGS TECH METALS LTD","AUS","Hastings Technology Metals Ltd",1510,151040,15,15104020,"Materials","Materials","Metals & Mining","Diversified Metals & Mining",169.303,465.72
"338843","SGD","2024",7,"7/31/2024",476.594,45.812,437.542,0.587,0.903,NA,-3.5,-4.372,0,117.065,-0.0094,-4.372,"TUAS LIMITED","AUS","Tuas Limited",5010,501010,50,50101020,"Communication Services","Telecommunication Services","Diversified Telecommunication Services","Integrated Telecommunication Services",1.49,439.032
"284527","AUD","2024",6,"6/30/2024",472.517,82.903,316.849,6.017,1.918,NA,6.261,-5.734,0,309.891,-0.0034,-5.734,"AURELIA METALS LTD","AUS","Aurelia Metals Ltd",1510,151040,15,15104020,"Materials","Materials","Metals & Mining","Diversified Metals & Mining",7.935,324.784
"284635","AUD","2024",6,"6/30/2024",471.231,30.622,349.443,23.057,18.652,NA,-9.473,-11.959,0,147.23,-0.0537,-12.131,"DEVELOP GLOBAL LIMITED","AUS","Develop Global Limited",1510,151040,15,15104020,"Materials","Materials","Metals & Mining","Diversified Metals & Mining",41.709,391.152
"212413","AUD","2024",6,"6/30/2024",464.696,135.497,309.374,16.144,32.874,NA,23.643,17.677,0,172.991,0.0293,17.677,"ALKANE RESOURCES LTD","AUS","Alkane Resources Ltd",1510,151040,15,15104030,"Materials","Materials","Metals & Mining","Gold",49.018,358.392
"236262","AUD","2024",9,"9/30/2024",463.794,NA,0,461.535,0,NA,-0.237,6.708,0,0,NA,6.708,"RIDDOCK INTERNATIONAL LTD","AUS","Riddock International Ltd",4510,451010,45,45101010,"Information Technology","Software & Services",NA,NA,461.535,461.535
"335514","AUD","2024",6,"6/30/2024",451.458,0.968,207.674,4.797,26.744,NA,48.398,25.705,0,497.715,0.0491,25.705,"TYRO PAYMENTS LTD","AUS","Tyro Payments Ltd",4020,402010,40,40201060,"Financials","Financial Services (New Name)","Financial Services (New Name)","Transaction & Payment Processing Services (New)",31.541,239.215
"211585","AUD","2024",6,"6/30/2024",418.067,3.499,238.152,21.188,64.006,NA,37.374,30.37,0,226.227,1.9885,27.051,"SCHAFFER CORP","AUS","Schaffer Corp Ltd",2510,251010,25,25101010,"Consumer Discretionary","Automobiles & Components","Automobile Components (New Name)","Automotive Parts & Equipment (New Name)",85.194,323.346
"211545","AUD","2024",6,"6/30/2024",415.433,7.885,213.605,72.208,65.064,NA,-28.957,-93.035,0,260.594,-0.3653,-93.035,"AUSTRALIAN VINTAGE LTD","AUS","Australian Vintage Ltd",3020,302010,30,30201020,"Consumer Staples","Food, Beverage & Tobacco","Beverages","Distillers & Vintners",137.272,350.877
"326138","AUD","2024",6,"6/30/2024",413.111,23.859,134.564,17.143,185.759,NA,34.687,10.282,0,481.644,0.0548,10.282,"WAGNERS HOLDING CO","AUS","Wagners Holding Company Limited",1510,151020,15,15102010,"Materials","Materials","Construction Materials","Construction Materials",202.902,337.466
"326181","AUD","2024",6,"6/30/2024",413.097,4.649,117.296,23.69,153.857,NA,13.59,1.242,0,533.431,0.0117,1.563,"NTAW HOLDINGS LIMITED","AUS","NTAW Holdings Limited",2550,255010,25,25501010,"Consumer Discretionary","Consumer Discretionary Distribution & Retail (New Name)","Distributors","Distributors",177.547,294.843
"345686","AUD","2024",6,"6/30/2024",397.078,0.741,286.692,3.189,6.583,NA,14.303,5.026,0,220.617,0.0155,5.026,"NUIX LIMITED","AUS","Nuix Limited",4510,451030,45,45103010,"Information Technology","Software & Services","Software","Application Software",9.772,296.464
"321581","AUD","2024",6,"6/30/2024",394.98,3.149,200.167,60.259,84.25,NA,27.635,14.131,0,582.318,0.1915,14.131,"MOTORCYCLE HOLDINGS LTD","AUS","MotorCycle Holdings Ltd",2550,255040,25,25504050,"Consumer Discretionary","Consumer Discretionary Distribution & Retail (New Name)","Specialty Retail","Automotive Retail",144.509,344.676
"325823","AUD","2024",6,"6/30/2024",391.281,2.98,160.031,17.561,123.813,NA,12.528,5.389,0,1181.112,0.0452,4.673,"PEOPLEIN LIMITED","AUS","Peoplein Limited",2020,202020,20,20202010,"Industrials","Commercial  & Professional Services","Professional Services","Human Resource & Employment Services (Definition Update)",141.374,301.405
"202929","AUD","2024",6,"6/30/2024",388.94,17.822,247.686,34.252,25.153,NA,NA,199.761,0,133.091,0.775,199.761,"KINGSGATE CONSOLIDATED LTD","AUS","Kingsgate Consolidated Ltd",1510,151040,15,15104030,"Materials","Materials","Metals & Mining","Gold",59.405,307.091
"322452","AUD","2024",6,"6/30/2024",381.157,15.009,340.195,0.25,3.064,NA,47.089,32.47,0,115.375,0.0902,32.47,"SUGAR TERMINALS LTD","AUS","Sugar Terminals Ltd",2020,202010,20,20201070,"Industrials","Commercial  & Professional Services","Commercial Services & Supplies","Diversified Support Services",3.314,343.509
"278186","AUD","2024",6,"6/30/2024",368.735,5.034,208.007,32.86,80.759,NA,4.913,5.791,0,125.179,0.0023,5.791,"RETAIL FOOD GROUP LTD","AUS","Retail Food Group Ltd",2530,253010,25,25301040,"Consumer Discretionary","Consumer Services","Hotels, Restaurants & Leisure","Restaurants",113.619,321.626
"317454","AUD","2024",6,"6/30/2024",367.074,9.002,165.79,52.107,105.118,NA,51.244,30.102,0,324.331,0.1335,30.102,"BEACON LIGHTING GROUP LTD","AUS","Beacon Lighting Group Ltd",2550,255040,25,25504030,"Consumer Discretionary","Consumer Discretionary Distribution & Retail (New Name)","Specialty Retail","Home Improvement Retail",157.225,323.015
"287431","AUD","2024",6,"6/30/2024",364.756,3.621,191.161,3.564,4.532,NA,32.63,21.915,0,551.87,0.0834,21.915,"SOUTHERN CROSS ELEC ENGR","AUS","Southern Cross Electrical Engineering Ltd",2010,201030,20,20103010,"Industrials","Capital Goods","Construction & Engineering","Construction & Engineering",8.096,199.257
"364417","AUD","2024",6,"6/30/2024",362.372,3.915,82.943,37.345,69.134,NA,55.281,35.209,NA,743.074,NA,30.259,"SYMAL GROUP LIMITED","AUS","Symal Group Limited",2010,201030,20,20103010,"Industrials","Capital Goods","Construction & Engineering","Construction & Engineering",106.479,189.422
"347108","AUD","2024",6,"6/30/2024",356.034,11.534,198.793,9.684,90.048,NA,14.939,-26.052,0,397.715,-0.2134,-26.052,"LYNCH GROUP HOLDINGS LTD","AUS","Lynch Group Holdings Ltd",3020,302020,30,30202010,"Consumer Staples","Food, Beverage & Tobacco","Food Products","Agricultural Products & Services (New Name)",99.732,298.525
"339747","AUD","2024",6,"6/30/2024",352.898,25.303,132.862,2.308,119.989,NA,25.715,17.394,0,136.181,0.006,17.395,"RESOURCE DEVELOPMENT GROUP","AUS","Resource Development Group Ltd",2010,201030,20,20103010,"Industrials","Capital Goods","Construction & Engineering","Construction & Engineering",122.297,255.159
"201317","AUD","2024",6,"6/30/2024",349.38,4.37,143.073,53.685,81.72,NA,12.609,0.659,0,370.805,0.0068,0.659,"COVENTRY GROUP LTD","AUS","Coventry Group Ltd",2010,201070,20,20107010,"Industrials","Capital Goods","Trading Companies & Distributors","Trading Companies & Distributors",135.405,278.478
"289969","USD","2024",6,"6/30/2024",349.13,23.268,257.259,0,0,NA,22.025,-1.644,0,135.11,-0.0011,-1.247,"BASE RESOURCES LTD","AUS","Base Resources Ltd",1510,151040,15,15104020,"Materials","Materials","Metals & Mining","Diversified Metals & Mining",0,257.259
"247879","AUD","2024",6,"6/30/2024",346.371,0.107,7.627,233.441,32.08,NA,-192.55,-192.767,0,86.088,-0.1316,-192.537,"STRANDLINE RESOURCES LTD","AUS","Strandline Resources Ltd",1510,151040,15,15104020,"Materials","Materials","Metals & Mining","Diversified Metals & Mining",265.521,273.148
"278526","AUD","2024",6,"6/30/2024",340.481,32.743,201.98,15.959,10.354,NA,33.965,23.558,0,317.014,0.1069,23.558,"CATALYST METALS LTD","AUS","Catalyst Metals Ltd",1510,151040,15,15104030,"Materials","Materials","Metals & Mining","Gold",26.313,228.293
"333913","AUD","2024",6,"6/30/2024",337.945,40.659,160.326,18.802,50.911,NA,72.014,50.419,0,774.472,0.2521,50.419,"MADER GROUP LTD","AUS","Mader Group Ltd",2020,202010,20,20201070,"Industrials","Commercial  & Professional Services","Commercial Services & Supplies","Diversified Support Services",69.713,230.039
"320481","AUD","2024",6,"6/30/2024",332.205,5.686,100.624,37.139,138.274,NA,16.738,4.997,0,490.991,0.0372,4.997,"BABY BUNTING GROUP LTD","AUS","Baby Bunting Group Ltd",2550,255040,25,25504040,"Consumer Discretionary","Consumer Discretionary Distribution & Retail (New Name)","Specialty Retail","Other Specialty Retail (New Name)",175.413,276.037
